{"20000.06 to 24539.992571689058": 6857, "24539.992571689058 to 29079.92514337811": 2899, "29079.92514337811 to 33619.85771506716": 2024, "33619.85771506716 to 38159.79028675622": 2316, "38159.79028675622 to 42699.72285844527": 1812, "42699.72285844527 to 47239.65543013433": 739, "47239.65543013433 to 51779.58800182339": 228, "51779.58800182339 to 56319.52057351243": 85, "56319.52057351243 to 60859.45314520149": 48, "60859.45314520149 to 65399.38571689054": 29, "65399.38571689054 to 69939.3182885796": 26, "69939.3182885796 to 74479.25086026866": 22, "74479.25086026866 to 79019.1834319577": 9, "79019.1834319577 to 83559.11600364676": 7, "83559.11600364676 to 88099.04857533581": 10, "88099.04857533581 to 92638.98114702487": 2, "92638.98114702487 to 97178.91371871393": 5, "97178.91371871393 to 101718.84629040297": 6, "101718.84629040297 to 106258.77886209203": 8, "106258.77886209203 to 110798.71143378108": 8, "110798.71143378108 to 115338.64400547014": 3, "115338.64400547014 to 119878.5765771592": 4, "119878.5765771592 to 124418.50914884824": 2, "124418.50914884824 to 128958.4417205373": 0, "128958.4417205373 to 133498.37429222636": 3, "133498.37429222636 to 138038.3068639154": 1, "138038.3068639154 to 142578.23943560448": 1, "142578.23943560448 to 147118.17200729353": 1, "147118.17200729353 to 151658.10457898257": 0, "151658.10457898257 to 156198.03715067162": 0, "156198.03715067162 to 160737.9697223607": 0, "160737.9697223607 to 165277.90229404974": 0, "165277.90229404974 to 169817.83486573878": 0, "169817.83486573878 to 170622.6": 1}