{"7": 0.7557957304064272, "6": -0.8485633426664082, "8": -2.176781213508141, "9": 25.852433734103418, "10": -2.176781213508141, "11": 24.958369506460784, "12": 35.81799524227281, "1": 38.03997288518692, "2": -0.7557957304064161, "3": -0.9314970400068262, "4": 0.9620339337044969, "5": -3.7180570924219034}